Title,Year,Source title,DOI,Document Type,EID
A TinyMLOps Framework for Real-world Applications,2025,Charting the Intelligence Frontiers Edge AI Systems Nexus,,Book chapter,2-s2.0-105023926765
Network science and explainable AI-based life cycle management of sustainability models,2024,PLoS ONE,10.1371/journal.pone.0300531,Article,2-s2.0-85195857441
"Review in Adoption of DevOps, AIOps, DataOps, GitOps, MLOps in IT MLEs in Germany",2024,International Journal of Engineering Trends and Technology,10.14445/22315381/IJETT-V72I12P106,Article,2-s2.0-85213209314
Responsible AI Pattern Catalogue: A Collection of Best Practices for AI Governance and Engineering,2024,ACM Computing Surveys,10.1145/3626234,Article,2-s2.0-85191069804
Enhancing Comprehension and Navigation in Jupyter Notebooks with Static Analysis,2023,"Proceedings - 2023 IEEE International Conference on Software Analysis, Evolution and Reengineering, SANER 2023",10.1109/SANER56733.2023.00044,Conference paper,2-s2.0-85160510792
From Policy to Pipeline: A Governance Framework for AI Development and Operations Pipelines,2026,IEEE Access,10.1109/ACCESS.2025.3647479,Article,2-s2.0-105025805961
Towards MLOps: A Case Study of ML Pipeline Platform,2020,"Proceedings - 2020 International Conference on Artificial Intelligence and Computer Engineering, ICAICE 2020",10.1109/ICAICE51518.2020.00102,Conference paper,2-s2.0-85102659051
Best Practices in Teaching Digitization and Process Automation - A Case Study of Warsaw University of Technology,2025,Lecture Notes in Computer Science,10.1007/978-3-031-97573-8_17,Conference paper,2-s2.0-105010814930
"Past, Present, Future: A Comprehensive Exploration of AI Use Cases in the UMBRELLA IoT Testbed",2024,"2024 IEEE International Conference on Pervasive Computing and Communications Workshops and other Affiliated Events, PerCom Workshops 2024",10.1109/PerComWorkshops59983.2024.10502658,Conference paper,2-s2.0-85192459326
Tailoring MLOps Techniques for Industry 5.0 Needs,2023,"2023 19th International Conference on Network and Service Management, CNSM 2023",10.23919/CNSM59352.2023.10327814,Conference paper,2-s2.0-85180014841
"RAMS 2024 - Annual Reliability and Maintainability Symposium, Proceedings",2024,Proceedings - Annual Reliability and Maintainability Symposium,,Conference review,2-s2.0-85189310124
AI-Driven Model-Retraining Architecture to Sustain Operational Accuracy in Data-Drifting Environments,2025,"IEEE Symposium on Wireless Technology and Applications, ISWTA",10.1109/ISWTA68114.2025.11329530,Conference paper,2-s2.0-105034116034
Managing Entanglement in AI-Enabled Safety-Critical Systems (AISCS),2026,"2026 IEEE 16th Annual Computing and Communication Workshop and Conference, CCWC 2026",10.1109/CCWC67433.2026.11393817,Conference paper,2-s2.0-105035614709
A Taxonomical Review of Machine Learning Paradigms in Medical Care,2025,"4th International Conference on Automation, Computing and Renewable Systems, ICACRS 2025 - Proceedings",10.1109/ICACRS67045.2025.11324033,Conference paper,2-s2.0-105032745694
FedEdge-Learn: a Semi-Supervised Federated Learning Framework for Industry 5.0,2025,Proceedings - IEEE Symposium on Computers and Communications,10.1109/ISCC65549.2025.11326181,Conference paper,2-s2.0-105032752306
On the impact of black-box deployment strategies for edge AI on latency and model performance,2026,Empirical Software Engineering,10.1007/s10664-025-10714-1,Article,2-s2.0-105037881297
Implementing MLOps practices for effective machine learning model deployment: A meta synthesis,2025,CEUR Workshop Proceedings,,Conference paper,2-s2.0-85217869473
From Concept to Implementation: The Data-Centric Development Process for AI in Industry,2023,"Proceedings - 2023 10th IEEE Swiss Conference on Data Science, SDS 2023",10.1109/SDS57534.2023.00017,Conference paper,2-s2.0-85165915811
AI Assessment in Practice: Implementing a Certification Scheme for AI Trustworthiness,2025,OpenAccess Series in Informatics,10.4230/OASIcs.SAIA.2024.15,Conference paper,2-s2.0-85217197737
AutoPilot AI: Architecting Self-Healing ML Systems with Reinforcement Feedback Loops,2025,"2025 IEEE 2nd International Conference on Information Technology, Electronics and Intelligent Communication Systems, ICITEICS 2025",10.1109/ICITEICS64870.2025.11341204,Conference paper,2-s2.0-105033233816
VISLIX: An XAI Framework for Validating Vision Models with Slice Discovery and Analysis,2025,Computer Graphics Forum,10.1111/cgf.70125,Article,2-s2.0-105005789380
Multi-metric Approach for Decomposition of Microservice-Based Data Science Workflows,2023,Lecture Notes in Computer Science (including subseries Lecture Notes in Artificial Intelligence and Lecture Notes in Bioinformatics),10.1007/978-3-031-36889-9_24,Conference paper,2-s2.0-85186759271
MLOps in the Metaverse: Human-Centric Continuous Integration,2024,IEEE Journal on Selected Areas in Communications,10.1109/JSAC.2023.3345385,Article,2-s2.0-85181575716
Designing a cloud-native MLOps pipeline using Databricks: A case study in industrial practice,2026,Future Generation Computer Systems,10.1016/j.future.2026.108585,Article,2-s2.0-105039285243
Green MLOps to Green GenOps: An Empirical Study of Energy Consumption in Discriminative and Generative AI Operations †,2025,Information (Switzerland),10.3390/info16040281,Article,2-s2.0-105003631139
Teaching Advanced AI Development Techniques with a New Master’s Program in Artificial Intelligence Engineering,2022,Lecture Notes in Computer Science (including subseries Lecture Notes in Artificial Intelligence and Lecture Notes in Bioinformatics),10.1007/978-3-031-22941-1_41,Conference paper,2-s2.0-85144823189
"AI/ML for Healthcare : Navigating the AI/ML Maze Responsibly, Securely, and Sustainably",2025,"AI/ML for Healthcare : Navigating the AI/ML Maze Responsibly, Securely, and Sustainably",10.1201/9781003454663,Book,2-s2.0-105005049953
MLOps for Advanced Metering Infrastructure Applications,2025,IEEE PES Innovative Smart Grid Technologies Conference Europe,10.1109/ISGTEurope64741.2025.11305572,Conference paper,2-s2.0-105032503910
A TinyML Soft-Sensor for the Internet of Intelligent Vehicles,2022,"2022 IEEE International Workshop on Metrology for Automotive, MetroAutomotive 2022 - Proceedings",10.1109/MetroAutomotive54295.2022.9855110,Conference paper,2-s2.0-85137181777
MLOps: A Taxonomy and a Methodology,2022,IEEE Access,10.1109/ACCESS.2022.3181730,Review,2-s2.0-85132730765
MLOps Tools for Deployment: A Case Study on Text Classification,2025,"2025 29th International Conference on Information Technology, IT 2025",10.1109/IT64745.2025.10929797,Conference paper,2-s2.0-105001852919
Data Engineering for Machine Learning Pipelines: From Python Libraries to ML Pipelines and Cloud Platforms,2024,Data Engineering for Machine Learning Pipelines: From Python Libraries to ML Pipelines and Cloud Platforms,10.1007/9798868806025,Book,2-s2.0-105004119276
From Ops to Experience: AIOps-Enabled MLOps with Identity-Aware and Customer-Informed Pipelines,2025,"2025 3rd World Conference on Communication and Computing, WCONF 2025",10.1109/WCONF64849.2025.11233325,Conference paper,2-s2.0-105029771667
"Proceedings - 2024 IEEE/ACM International Workshop on Responsible AI Engineering, RAIE 2024",2024,"Proceedings - 2024 IEEE/ACM International Workshop on Responsible AI Engineering, RAIE 2024",,Conference review,2-s2.0-85201212380
Preliminary Findings on Establishing a Privately Governed Data Ecosystem for MLOps Data Sharing,2025,"Proceedings - 2025 IEEE 45th International Conference on Distributed Computing Systems Workshops, ICDCSW 2025",10.1109/ICDCSW63273.2025.00095,Conference paper,2-s2.0-105030494169
From XAI to MLOps: Explainable concept drift detection with the partial dependence profiles-based approach,2026,Future Generation Computer Systems,10.1016/j.future.2026.108586,Article,2-s2.0-105038435485
InsectNet: Real-time identification of insects using an end-to-end machine learning pipeline,2025,PNAS Nexus,10.1093/pnasnexus/pgae575,Article,2-s2.0-85217047169
Agile MLOps: Bridging the Gap Between Agility and Machine Learning Operations,2025,IFIP Advances in Information and Communication Technology,10.1007/978-3-031-96231-8_2,Conference paper,2-s2.0-105009843141
Smart manufacturing: MLOps-enabled event-driven architecture for enhanced control in steel production,2025,Journal of Systems and Software,10.1016/j.jss.2025.112542,Article,2-s2.0-105010015433
Streamlining the Operation of AI Systems: Examining MLOps Maturity at an Automotive Firm,2024,Proceedings of the Annual Hawaii International Conference on System Sciences,,Conference paper,2-s2.0-85199777393
Seamless Transition From Machine Learning on the Cloud to Industrial Edge Devices With Thinger.io,2023,IEEE Internet of Things Journal,10.1109/JIOT.2023.3268771,Article,2-s2.0-85159720577
Towards secure digital media: A drift-aware MLOps framework for adaptive stego content sterilization,2026,Future Generation Computer Systems,10.1016/j.future.2026.108546,Article,2-s2.0-105037021284
"5th International Workshop on AI System Engineering: Math, Modelling and Software, AISys 2025 and the 1st International Workshop on Optimisation of Industrial Production with AI Algorithms, AI4IP, co-located with the 36th International Conference on Database and Expert Systems Applications, DEXA 2025",2026,Communications in Computer and Information Science,,Conference review,2-s2.0-105014401548
"Decentralized Machine Learning Governance: Overview, Opportunities, and Challenges",2023,IEEE Access,10.1109/ACCESS.2023.3311713,Article,2-s2.0-85171567288
Perspectives On Machine Learning Inference Serving in Real-World Settings,2026,Software - Practice and Experience,10.1002/spe.70069,Article,2-s2.0-105034850495
Data Chameleon: A Self-adaptive Synthetic Data Management System,2025,Lecture Notes in Computer Science,10.1007/978-3-031-96590-6_3,Conference paper,2-s2.0-105010190022
"7th International Conference on Smart City Applications, SCA 2022",2023,Lecture Notes in Networks and Systems,,Conference review,2-s2.0-85151120475
A Structured Inference Optimization Approach for Vision-Based DNN Deployment on Legacy Systems,2023,"IEEE International Conference on Emerging Technologies and Factory Automation, ETFA",10.1109/ETFA54631.2023.10275468,Conference paper,2-s2.0-85175456355
Model Accuracy-Oriented Data Sets Visualization for Understanding Temporal Changes in Data,2024,Proceedings of the International Conference on Information Visualisation,10.1109/IV64223.2024.00041,Conference paper,2-s2.0-85207837001
Deploying AI Models in Resource-Constrained Environments,2025,"Proceedings - 2025 IEEE International Conference on Collaborative Advances in Software and Computing, CASCON 2025",10.1109/CASCON66301.2025.00095,Conference paper,2-s2.0-105033216022
Automated Machine Learning for Industrial Applications - Challenges and Opportunities,2024,Procedia Computer Science,10.1016/j.procs.2024.01.168,Conference paper,2-s2.0-85189815362
An Artificial Intelligence Approach to Intrusion Detection in Smart Home IoT Environments,2026,Communications in Computer and Information Science,10.1007/978-3-032-21628-1_41,Conference paper,2-s2.0-105037875868
Automating MLOps Pipelines with GitHub Actions and Azure: A Case Study on Diabetes Prediction,2025,"Proceedings of 2025 International Conference on Emerging Technologies in Computing and Communication, ETCC 2025",10.1109/ETCC65847.2025.11108664,Conference paper,2-s2.0-105015799029
Demo: FedCampus: A Real-world Privacy-preserving Mobile Application for Smart Campus via Federated Learning & Analytics,2024,Proceedings of the International Symposium on Mobile Ad Hoc Networking and Computing (MobiHoc),10.1145/3641512.3690630,Conference paper,2-s2.0-85207052961
"The Machine Learning Solutions Architect Handbook: Practical strategies and best practices on the ML lifecycle, system design, MLOps, and generative AI, Second Edition",2024,"The Machine Learning Solutions Architect Handbook: Practical strategies and best practices on the ML lifecycle, system design, MLOps, and generative AI, Second Edition",,Book,2-s2.0-105021678873
LLM Engineer’s Handbook: Master the art of engineering large language models from concept to production,2024,LLM Engineer’s Handbook: Master the Art of Engineering Large Language Models from Concept to Production,,Book,2-s2.0-105023925684
SliceTeller: A Data Slice-Driven Approach for Machine Learning Model Validation,2023,IEEE Transactions on Visualization and Computer Graphics,10.1109/TVCG.2022.3209465,Article,2-s2.0-85139499088
Demystifying mlops and presenting a recipe for the selection of open-source tools,2021,Applied Sciences (Switzerland),10.3390/app11198861,Article,2-s2.0-85115788129
Leveraging AI and MLOps for IoT-Edge-Cloud Industrial Digital Twins: A Practical Case Study,2025,"2025 IEEE Conference on Standards for Communications and Networking, CSCN 2025",10.1109/CSCN67557.2025.11230711,Conference paper,2-s2.0-105027168708
Operationalization of YOLOv11 in ROS 2 for Computer Vision Applied to Human-robot Interaction,2025,"2025 17th Seminar on Power Electronics and Control, SEPOC 2025",10.1109/SEPOC67005.2025.11297690,Conference paper,2-s2.0-105032376183
MLOPs and Indian Cultural Heritage - A Case Study on Employing Technological Advancements for Kathakali,2026,"Proceedings of the 2026 20th International Conference on Ubiquitous Information Management and Communication, IMCOM 2026",10.1109/IMCOM69009.2026.11360816,Conference paper,2-s2.0-105033734421
Engineering MLOps Pipelines With Data Quality: A Case Study on Tabular Datasets in Kaggle,2025,Journal of Software: Evolution and Process,10.1002/smr.70044,Article,2-s2.0-105015420041
"18th European Conference on Software Architecture, ECSA 2024",2024,Lecture Notes in Computer Science (including subseries Lecture Notes in Artificial Intelligence and Lecture Notes in Bioinformatics),,Conference review,2-s2.0-85204406874
Google Machine Learning and Generative AI for Solutions Architects: ​Build efficient and scalable AI/ML solutions on Google Cloud,2024,Google Machine Learning and Generative AI for Solutions Architects: ​Build efficient and scalable AI/ML solutions on Google Cloud,,Book,2-s2.0-105023456416
AutoDrift: A Forecast-Aware Concept Drift Detection and Retraining Pipeline in MLOps with CMAPSS,2025,"Proceedings of the IEEE International Conference on Big Data Computing Service and Applications, BigDataService",10.1109/BigDataService65758.2025.00019,Conference paper,2-s2.0-105031397681
MLOps challenges in multi-organization setup: Experiences from two real-world cases,2021,"Proceedings - 2021 IEEE/ACM 1st Workshop on AI Engineering - Software Engineering for AI, WAIN 2021",10.1109/WAIN52551.2021.00019,Conference paper,2-s2.0-85113229645
Beyond the Generalization Illusion: A Production MLOps Framework for Federated Behavioral Malware Detection with Real-Time Drift Adaptation,2025,"2025 9th Cyber Security in Networking Conference: GenAI and Cybersecurity, CSNet 2025",10.1109/CSNet67572.2025.11288242,Conference paper,2-s2.0-105032054610
Towards machine learning-based digital twins in cyber-physical systems,2023,CEUR Workshop Proceedings,,Conference paper,2-s2.0-85177077569
Machine Learning in the Real World,2022,Encyclopedia of Data Science and Machine Learning,10.4018/978-1-7998-9220-5.ch104,Book chapter,2-s2.0-85188061005
Conceptual Architecture of a Trustworthy Wind and Photovoltaic Power Forecasting System: A Systematic Review and Design,2026,Inventions,10.3390/inventions11010015,Review,2-s2.0-105031415330
Exploring Trade-Offs in MLOps Adoption,2023,"Proceedings - Asia-Pacific Software Engineering Conference, APSEC",10.1109/APSEC60848.2023.00047,Conference paper,2-s2.0-85190507464
Model Drift Detection and Automated Retraining in Production ML System,2025,"Proceedings of the 6th International Conference on Smart Electronics and Communication, ICOSEC 2025",10.1109/ICOSEC67334.2025.11459598,Conference paper,2-s2.0-105037194804
On the Democratization of Machine Learning Pipelines,2022,"Proceedings of the 2022 IEEE Symposium Series on Computational Intelligence, SSCI 2022",10.1109/SSCI51031.2022.10022107,Conference paper,2-s2.0-85147798763
Scanflow-K8s: Agent-based Framework for Autonomic Management and Supervision of ML Workflows in Kubernetes Clusters,2022,"Proceedings - 22nd IEEE/ACM International Symposium on Cluster, Cloud and Internet Computing, CCGrid 2022",10.1109/CCGrid54584.2022.00047,Conference paper,2-s2.0-85135763990
In Search of Deep Learning Architectures for Load Forecasting: A Comparative Analysis and the Impact of the Covid-19 Pandemic on Model Performance,2022,"13th International Conference on Information, Intelligence, Systems and Applications, IISA 2022",10.1109/IISA56318.2022.9904363,Conference paper,2-s2.0-85141081846
When AI and Zero Trust Collide Rise of the Machines: A Project Zero Trust Story,2025,When AI and Zero Trust Collide Rise of the Machines: A Project Zero Trust Story,10.1002/9781394352517,Book,2-s2.0-105007863549
A Dataflow-Oriented Approach for Machine-Learning-Powered Internet of Things Applications,2023,Electronics (Switzerland),10.3390/electronics12183940,Article,2-s2.0-85172913795
Towards MLOps: A Framework and Maturity Model,2021,"Proceedings - 2021 47th Euromicro Conference on Software Engineering and Advanced Applications, SEAA 2021",10.1109/SEAA53835.2021.00050,Conference paper,2-s2.0-85119201202
Industrial MLOps: a systematic review of architectures and implementation challenges,2026,Production and Manufacturing Research,10.1080/21693277.2026.2658878,Review,2-s2.0-105035683360
"7th International Conference on Applied Informatics, ICAI 2024",2025,Communications in Computer and Information Science,,Conference review,2-s2.0-85208239463
Using FactoryML for Deployment of Machine Learning Models in Industrial Production,2024,"IEEE International Conference on Emerging Technologies and Factory Automation, ETFA",10.1109/ETFA61755.2024.10710938,Conference paper,2-s2.0-85207849014
Scaling Data-Driven Building Energy Modelling Using Large Language Models,2024,ASHRAE Transactions,,Conference paper,2-s2.0-85210232772
"Python Debugging for AI, Machine Learning, and Cloud Computing: A Pattern-Oriented Approach",2023,"Python Debugging for Ai, Machine Learning, and Cloud Computing: A Pattern-Oriented Approach",10.1007/978-1-4842-9745-2,Book,2-s2.0-105001458973
Cloud AI of Strategic Human Resource Transformation,2026,Automating Intelligence With Cloud-Native AI Tools,10.4018/979-8-3373-7442-ch002,Book chapter,2-s2.0-105030902633
CloudInfraBot: Reinforcement Learning-Driven Infrastructure Automation for Azure-Based MLOps Environments,2025,"2025 IEEE 2nd International Conference on Green Industrial Electronics and Sustainable Technologies, GIEST 2025",10.1109/GIEST66547.2025.11387299,Conference paper,2-s2.0-105035300312
A MULTI-LAYER DELTA LAKEHOUSE FOR EPIDEMIOLOGICAL MONITORING AND FORECASTING UNDER EMERGENCIES,2025,Advanced Information Systems,10.20998/2522-9052.2025.4.08,Article,2-s2.0-105018840924
Solving the Talent Challenge for Artificial Intelligence,2024,Society of Petroleum Engineers - ADIPEC 2024,10.2118/222820-MS,Conference paper,2-s2.0-85215103148
Towards MLCertOps in Aviation,2025,AIAA/IEEE Digital Avionics Systems Conference - Proceedings ,10.1109/DASC66011.2025.11257198,Conference paper,2-s2.0-105029907626
"MLOps Lifecycle Toolkit: A Software Engineering Roadmap for Designing, Deploying, and Scaling Stochastic Systems",2023,"MLOps Lifecycle Toolkit: A Software Engineering Roadmap for Designing, Deploying, and Scaling Stochastic Systems",10.1007/978-1-4842-9642-4,Book,2-s2.0-105005021402
Profiling Deep Learning Workloads at Scale using Amazon SageMaker,2022,Proceedings of the ACM SIGKDD International Conference on Knowledge Discovery and Data Mining,10.1145/3534678.3539036,Conference paper,2-s2.0-85137140865
"51st Euromicro Conference on Software Engineering and Advanced Applications, SEAA 2025",2026,Lecture Notes in Computer Science,,Conference review,2-s2.0-105016694331
AI-Driven DevOps in Telecommunications: Bridging Predictive Analytics with Continuous Delivery for Network Agility,2025,"2025 IEEE International Conference and Expo on Real Time Communications at IIT, RTC 2025",10.1109/RTC66985.2025.11211551,Conference paper,2-s2.0-105022272857
Cloud-Native LLMOps Meets DataOps: A Unified Framework for High-Volume Analytical Systems,2025,"2025 International Conference on Computing Technologies and Data Communication, ICCTDC 2025",10.1109/ICCTDC64446.2025.11158069,Conference paper,2-s2.0-105019052972
Drift Lens: Real-time unsupervised Concept Drift detection by evaluating per-label embedding distributions,2021,"IEEE International Conference on Data Mining Workshops, ICDMW",10.1109/ICDMW53433.2021.00049,Conference paper,2-s2.0-85125293082
Streamlining ML Training in Kubernetes: An MLOps Architecture with Kubeflow,2025,IOT 2025 - Proceedings of the 15th International Conference on the Internet of Things 2025,10.1145/3770501.3771304,Conference paper,2-s2.0-105025551097
"30th International Working Conference on Requirements Engineering: Foundation for Software Quality, REFSQ 2024",2024,Lecture Notes in Computer Science (including subseries Lecture Notes in Artificial Intelligence and Lecture Notes in Bioinformatics),,Conference review,2-s2.0-85190711457
Edge AI for Internet of Medical Things: A literature review,2024,Computers and Electrical Engineering,10.1016/j.compeleceng.2024.109202,Article,2-s2.0-85189000347
Hybrid Inference Pipelines for Spam Detection: A Reproducible Case Study in MLOps,2026,"2026 IEEE 16th Annual Computing and Communication Workshop and Conference, CCWC 2026",10.1109/CCWC67433.2026.11393849,Conference paper,2-s2.0-105035593799
"13th International Conference on Frontiers in Intelligent Computing: Theory and Applications, FICTA 2025",2026,"Smart Innovation, Systems and Technologies",,Conference review,2-s2.0-105029641543
"51st Euromicro Conference on Software Engineering and Advanced Applications, SEAA 2025",2026,Lecture Notes in Computer Science,,Conference review,2-s2.0-105016159497
Approach to Scalable Machine Learning Operations (MLOps) Architectures for Research Labs with Limited Hardware Resources,2025,"Lecture Notes of the Institute for Computer Sciences, Social-Informatics and Telecommunications Engineering, LNICST",10.1007/978-3-032-01472-6_8,Conference paper,2-s2.0-105013963973
MLOps with Ray: Best Practices and Strategies for Adopting Machine Learning Operations,2024,MLOps with Ray: Best Practices and Strategies for Adopting Machine Learning Operations,10.1007/979-8-8688-0376-5,Book,2-s2.0-105003324978
"Proceedings - 2023 30th Asia-Pacific Software Engineering Conference, APSEC 2023",2023,"Proceedings - Asia-Pacific Software Engineering Conference, APSEC",,Conference review,2-s2.0-85190560078
Real-Time Data Drift Detection for Anomaly Detection Services in Multivariate Time Series Using Deep Learning within MLOps Pipelines,2025,"2025 IEEE International Conference on Electronics, Computing and Communication Technologies, CONECCT 2025",10.1109/CONECCT65861.2025.11306617,Conference paper,2-s2.0-105032669567
Tools and Software Essential Resources for AI Integration,2026,Generative AI for Remote Sensing of the Environment: Algorithms and Applications,10.1201/9781003616207-7,Book chapter,2-s2.0-105032947278
Designing Trustworthy AI: A Framework for Embedding Ethical Principles in Machine Learning Systems,2025,"2025 7th International Conference on Robotics, Intelligent Control and Artificial Intelligence, RICAI 2025",10.1109/RICAI68060.2025.11385164,Conference paper,2-s2.0-105034472516
Fuzzy Enhanced Kidney Tumor Detection: Integrating Machine Learning Operations for a Fusion of Twin Transferable Network and Weighted Ensemble Machine Learning Classifier,2025,IEEE Access,10.1109/ACCESS.2025.3526272,Article,2-s2.0-85214528385
HarmonE: A Self-adaptive Approach to Architecting Sustainable MLOps,2026,Lecture Notes in Computer Science,10.1007/978-3-032-02138-0_3,Conference paper,2-s2.0-105015839636
Streamlining AI Application: MLOps Best Practices and Platform Automation Illustrated through an Advanced RAG based Chatbot,2024,"2nd International Conference on Sustainable Computing and Smart Systems, ICSCSS 2024 - Proceedings",10.1109/ICSCSS60660.2024.10625230,Conference paper,2-s2.0-85203105403
"From Prototype to Production: A Checklist for Production-Ready AI Focused on Data Quality, Monitoring, and Human Oversight",2026,Conference Proceedings - IEEE SOUTHEASTCON,10.1109/SoutheastCon63549.2026.11476222,Conference paper,2-s2.0-105037888901
FetalMLOps: operationalizing machine learning models for standard fetal ultrasound plane classification,2026,Medical and Biological Engineering and Computing,10.1007/s11517-025-03436-5,Article,2-s2.0-105015554859
An Integrated BIM-IoT approach to support energy monitoring,2021,CEUR Workshop Proceedings,,Conference paper,2-s2.0-85124407764
MLPacker: A Unified Software Tool for Packaging and Deploying Atomic and Distributed Analytic Pipelines,2022,"2022 7th International Conference on Smart and Sustainable Technologies, SpliTech 2022",10.23919/SpliTech55088.2022.9854211,Conference paper,2-s2.0-85138190874
"19th European Conference on Software Architecture, ECSA 2025",2026,Lecture Notes in Computer Science,,Conference review,2-s2.0-105015621121
Integration of Railway Bridge Structural Health Monitoring into the Internet of Things with a Digital Twin: A Case Study,2024,Sensors,10.3390/s24072115,Article,2-s2.0-85190235884
"Proceedings - IEEE 21st International Conference on Software Architecture Companion, ICSA-C 2024",2024,"Proceedings - IEEE 21st International Conference on Software Architecture Companion, ICSA-C 2024",,Conference review,2-s2.0-85203181128
What problems are MLOps practitioners talking about? A study of discussions in Stack Overflow forum and GitHub projects,2025,Information and Software Technology,10.1016/j.infsof.2025.107768,Article,2-s2.0-105005281616
"Consolidating TinyML Lifecycle With Large Language Models: Reality, Illusion, or Opportunity?",2025,IEEE Internet of Things Magazine,10.1109/MIOT.2025.3575927,Article,2-s2.0-105008024774
Data-driven predictive maintenance for two-stroke marine diesel engines using machine learning and MLOps,2026,Journal of Ocean Engineering and Science,10.1016/j.joes.2025.11.011,Article,2-s2.0-105025245488
"Unified DevSecOps Toolchain for Secure AI-Enabled Maritime Applications: Theory, Concepts, and Implementation",2025,"2025 10th International Conference on Informatics and Computing, ICIC 2025",10.1109/ICIC68054.2025.11309501,Conference paper,2-s2.0-105032127834
MLOps in Practice: Requirements and a Reference Architecture from Industry,2026,Lecture Notes in Computer Science,10.1007/978-3-032-02138-0_2,Conference paper,2-s2.0-105015681177
Tracking end-of-life stage of chemicals: A scalable data-centric and chemical-centric approach,2023,"Resources, Conservation and Recycling",10.1016/j.resconrec.2023.107031,Article,2-s2.0-85159072131
Advancing MLOps from Ad hoc to Kaizen,2023,"Proceedings - 2023 49th Euromicro Conference on Software Engineering and Advanced Applications, SEAA 2023",10.1109/SEAA60479.2023.00023,Conference paper,2-s2.0-85183329155
"Application of Machine Learning Algorithms in Digital Twin Monitoring Systems: An Overview of Approaches, Methods, and Prospects",2024,"Proceedings of the 3rd International Conference on Intelligent Computing and Next Generation Networks, ICNGN 2024",10.1109/ICNGN63705.2024.10871832,Conference paper,2-s2.0-86000027985
End-to-end data quality-driven framework for machine learning in production environment,2026,Heliyon,10.1016/j.heliyon.2025.e44416,Article,2-s2.0-105025701238
"AI-Driven Cloud Infrastructure Provisioning: Leveraging Machine Learning, Observability, and IaC for Autonomous Cloud Operations",2025,"2025 International Conference on Emerging Trends in Networks and Computer Communications, ETNCC 2025 - Proceedings",10.1109/ETNCC66224.2025.11299663,Conference paper,2-s2.0-105031895073
Multi Datasource LTV User Representation (MDLUR),2023,Proceedings of the ACM SIGKDD International Conference on Knowledge Discovery and Data Mining,10.1145/3580305.3599871,Conference paper,2-s2.0-85171368738
"Practical Benchmark of Open-Source MLOps Platforms: Comparing MLflow, Metaflow and ZenML Across Model Type",2025,Proceedings - RoEduNet IEEE International Conference,10.1109/RoEduNet68395.2025.11208376,Conference paper,2-s2.0-105022411700
MLOps Adoption in the Manufacturing Industry: A Case Study with Zeiss SMT,2026,Communications in Computer and Information Science,10.1007/978-3-032-07313-6_2,Conference paper,2-s2.0-105020671713
XAI-Compliance-by-Design: A Modular Framework for GDPR- and AI Act-Aligned Decision Transparency in High-Risk AI Systems,2026,Journal of Cybersecurity and Privacy,10.3390/jcp6020043,Article,2-s2.0-105036868829
Linking Team-level and Organization-level Governance in Machine Learning Operations through Explainable AI and Responsible AI Connector,2023,Proceedings - International Computer Software and Applications Conference,10.1109/COMPSAC57700.2023.00185,Conference paper,2-s2.0-85168909129
An End-to-End Data and Machine Learning Pipeline for Energy Forecasting: A Systematic Approach Integrating MLOps and Domain Expertise,2025,Information (Switzerland),10.3390/info16090805,Article,2-s2.0-105016993517
Digital Twin for Pipeline Leak Monitoring,2025,Society of Petroleum Engineers - ADIPEC 2025,10.2118/229302-MS,Conference paper,2-s2.0-105033794798
A Review of Optimization Techniques: Applications and Comparative Analysis,2024,Iraqi Journal for Computer Science and Mathematics,10.52866/ijcsm.2024-05-02-011,Article,2-s2.0-85197098752
Harris Hawk Optimization: A Survey onVariants and Applications,2022,Computational Intelligence and Neuroscience,10.1155/2022/2218594,Review,2-s2.0-85133560763
A Goal-Oriented MLOps Approach for Developing Microservices-Based Small Language Models Systems,2026,"Smart Innovation, Systems and Technologies",10.1007/978-3-032-12830-0_11,Conference paper,2-s2.0-105029656147
Low-Code and No-Code Platforms for Linux System Administration: A SWOT Analysis,2026,"International Conference on Artificial Intelligence, Computer, Data Sciences, and Applications, ACDSA 2026",10.1109/ACDSA67686.2026.11467789,Conference paper,2-s2.0-105037596656
Quality Assurance of Predictive Models in Intelligent Systems,2025,CEUR Workshop Proceedings,,Conference paper,2-s2.0-105021805085
Composable Assurance for AI Alignment: A Framework for Propagating Formal Safety Properties Through MLOps,2026,Proceedings of the AAAI Conference on Artificial Intelligence,10.1609/aaai.v40i44.41151,Conference paper,2-s2.0-105034966080
Artificial intelligence-driven forecasting and shift optimization for pediatric emergency department crowding,2025,JAMIA Open,10.1093/jamiaopen/ooae138,Article,2-s2.0-105001045726
What about the data? A Mapping study on data engineering for ai systems,2024,"Proceedings - 2024 IEEE/ACM 3rd International Conference on AI Engineering - Software Engineering for AI, CAIN 2024",10.1145/3644815.3644954,Conference paper,2-s2.0-85196481905
"An empirical guide to MLOps adoption: Framework, maturity model and taxonomy",2025,Information and Software Technology,10.1016/j.infsof.2025.107725,Article,2-s2.0-105000919303
ScaffoldViz: Interactive 3D visualization of ensemble decision trees based on relationship between weak learners,2025,Information Visualization,10.1177/14738716251335553,Article,2-s2.0-105004432392
Towards Trustworthy Machine Learning in Production: An Overview of the Robustness in MLOps Approach,2025,ACM Computing Surveys,10.1145/3708497,Article,2-s2.0-85217023025
Improving Automotive Aftermarket Forecasting with MLOps,2024,"Proceedings - 2024 11th International Conference on Future Internet of Things and Cloud, FiCloud 2024",10.1109/FiCloud62933.2024.00065,Conference paper,2-s2.0-85211221662
"36th IFIP WG 6.1 International Conference on Testing Software and Systems, ICTSS 2024",2025,Lecture Notes in Computer Science (including subseries Lecture Notes in Artificial Intelligence and Lecture Notes in Bioinformatics) ,,Conference review,2-s2.0-85218708967
Comparative Evaluation of Machine Learning Development Lifecycle Tools,2022,"Proceedings - 2022 International Conference on Recent Trends in Microelectronics, Automation, Computing and Communications Systems, ICMACC 2022",10.1109/ICMACC54824.2022.10093671,Conference paper,2-s2.0-85158907338
Towards Regulatory-Compliant MLOps: Oravizio’s Journey from a Machine Learning Experiment to a Deployed Certified Medical Product,2021,SN Computer Science,10.1007/s42979-021-00726-1,Article,2-s2.0-85121619577
A Graphical Toolkit for Longitudinal Dataset Maintenance and Predictive Model Training in Health Care,2021,Applied Clinical Informatics,10.1055/s-0041-1740923,Article,2-s2.0-85124777462
Comparative Study of Machine Learning and System Identification for Process Systems Engineering Dynamics,2025,Industrial and Engineering Chemistry Research,10.1021/acs.iecr.4c03264,Article,2-s2.0-85217875732
Data-centric AI governance for responsible organizational value: evidence from a European public administration,2026,AI and Society,10.1007/s00146-026-02978-y,Review,2-s2.0-105033299122
"13th International Conference on Simulation and Modelling in the Food and Bio-Industry, FOODSIM 2024",2024,"13th International Conference on Simulation and Modelling in the Food and Bio-Industry, FOODSIM 2024",,Conference review,2-s2.0-85201307376
Data Analytics in the AWS Cloud: Building a Data Platform for BI and Predictive Analytics on AWS,2024,Data Analytics in the AWS Cloud: Building a Data Platform for BI and Predictive Analytics on AWS,10.1002/9781394320677,Book,2-s2.0-85206688207
Anomaly detection in offshore open radio access network using long short-term memory models on a novel artificial intelligence-driven cloud-native data platform,2025,Engineering Applications of Artificial Intelligence,10.1016/j.engappai.2025.112274,Article,2-s2.0-105016018529
"Practical Istio: Learn Istio Service Mesh, Microservices, and Cloud-Native Architecture for Optimal Performance",2025,"Practical Istio: Learn Istio Service Mesh, Microservices, and Cloud-Native Architecture for Optimal Performance",10.1007/979-8-8688-1573-7,Book,2-s2.0-105025081171
Rule-Based DSL for Continuous Features and ML Models Selection in Multiple Sclerosis Research,2024,Applied Sciences (Switzerland),10.3390/app14146193,Article,2-s2.0-85199657894
"Deep Learning for B5G Open Radio Access Network: Evolution, Survey, Case Studies, and Challenges",2022,IEEE Open Journal of the Communications Society,10.1109/OJCOMS.2022.3146618,Article,2-s2.0-85124093194
A Survey on Failure Analysis and Fault Injection in AI Systems,2026,ACM Transactions on Software Engineering and Methodology,10.1145/3732777,Article,2-s2.0-105027955033
Service-aware real-time slicing for virtualized beyond 5G networks,2024,Computer Networks,10.1016/j.comnet.2024.110445,Article,2-s2.0-85191963428
The Innovative Potential of Artificial Intelligence Applied to Patient Registries to Implement Clinical Guidelines,2026,Machine Learning and Knowledge Extraction,10.3390/make8020038,Article,2-s2.0-105031414067
Multi-Cluster MLOps Platform for Industry 5.0,2025,Proceedings - IEEE Symposium on Computers and Communications,10.1109/ISCC65549.2025.11325976,Conference paper,2-s2.0-105032757384
A Zero Trust Framework with AI-Driven Identity and Intrusion Detection for Multi-Cloud MLOps,2025,ISDFS 2025 - 13th International Symposium on Digital Forensics and Security,10.1109/ISDFS65363.2025.11012077,Conference paper,2-s2.0-105008498019
Conceptualizing the Secure Machine Learning Operations (SecMLOps) Paradigm,2022,"IEEE International Conference on Software Quality, Reliability and Security, QRS",10.1109/QRS57517.2022.00023,Conference paper,2-s2.0-85151484248
Enhancing System Performance and Resilience: An MLOPs + SRE & Chaos Engineering Framework for Robust Machine Learning Operations,2026,"Proceedings of the 4th International Conference on Intelligent Data Communication Technologies and Internet of Things, IDCioT 2026",10.1109/IDCIoT67589.2026.11455745,Conference paper,2-s2.0-105036996806
MLOps: A Multiple Case Study in Industry 4.0,2024,"IEEE International Conference on Emerging Technologies and Factory Automation, ETFA",10.1109/ETFA61755.2024.10711136,Conference paper,2-s2.0-85207852927
Reliable AI for Predictive Modeling: From Training-Time Accuracy to Operational Forecasting,2026,Conference Proceedings - IEEE SOUTHEASTCON,10.1109/SoutheastCon63549.2026.11476517,Conference paper,2-s2.0-105037811686
Applying Transfer Learning on 3D Brain Images and an MLOPS Study for Deployment,2023,"9th International Conference on Smart Computing and Communications: Intelligent Technologies and Applications, ICSCC 2023",10.1109/ICSCC59169.2023.10335014,Conference paper,2-s2.0-85181399620
Toward Sociotechnical AI: Mapping Vulnerabilities for Machine Learning in Context,2024,Minds and Machines,10.1007/s11023-024-09668-y,Article,2-s2.0-85193482606
Reference architecture for the design and implementation of AI systems in manufacturing in conformity to ISO/IEC 42001,2026,International Journal of Computer Integrated Manufacturing,10.1080/0951192X.2026.2664187,Article,2-s2.0-105037669336
MLOps approach in the cloud-native data pipeline design,2022,Acta Technica Jaurinensis,10.14513/actatechjaur.00581,Article,2-s2.0-85217859714
EdgeMLOps: Operationalizing ML models with Cumulocity IoT and thin-edge.io for Visual quality Inspection,2025,"Lecture Notes in Informatics (LNI), Proceedings - Series of the Gesellschaft fur Informatik (GI)",10.18420/BTW2025-38,Conference paper,2-s2.0-105037449039
Prescriptive Analytics for Sustainable Financial Systems: A Causal–Machine Learning Framework for Credit Risk Management and Targeted Marketing,2026,Systems,10.3390/systems14010016,Article,2-s2.0-105028744695
AI-Driven Machine Learning Architecture for Scalable Irrigation Detection in Precision Agriculture: A Case Study with CropX,2026,Lecture Notes in Computer Science,10.1007/978-3-032-02138-0_27,Conference paper,2-s2.0-105015788031
NoOps for AI: Fully Autonomous ML Pipelines Using Serverless Cloud Functions,2025,"2025 IEEE 3rd Global Conference on Wireless Computing and Networking, GCWCN 2025",10.1109/GCWCN66157.2025.11448284,Conference paper,2-s2.0-105037316269
Rigorous Viability Assessment of Machine Learning Projects: Example from the Domain of Predictive and Condition-Based Maintenance,2026,Business and Information Systems Engineering,10.1007/s12599-026-00986-2,Article,2-s2.0-105029734775
Automated Anomaly Detection Integrated in a Modern Mission Control System,2024,"Proceedings of the International Astronautical Congress, IAC",10.52202/078367-0070,Conference paper,2-s2.0-85218453113
VN-Transformer: Rotation-Equivariant Attention for Vector Neurons,2023,Transactions on Machine Learning Research,,Article,2-s2.0-105000050746
Couler: Unified Machine Learning Workflow Optimization in Cloud,2024,Proceedings - International Conference on Data Engineering,10.1109/ICDE60146.2024.00393,Conference paper,2-s2.0-85200471209
Improving the Development and Reusability of Industrial AI Through Semantic Models,2024,Lecture Notes in Networks and Systems,10.1007/978-3-031-65411-4_22,Conference paper,2-s2.0-85200570169
A roadmap to implementing machine learning in healthcare: from concept to practice,2025,Frontiers in Digital Health,10.3389/fdgth.2025.1462751,Article,2-s2.0-85216782477
There and Back Again: Seeking Balance in the Implementation of Post-agile Approaches,2025,"Americas Conference on Information Systems, AMCIS 2025",,Conference paper,2-s2.0-105025169256
"Large Language Model Operations (LLMOps): Definition, Challenges, and Lifecycle Management",2024,"2024 9th International Conference on Smart and Sustainable Technologies, SpliTech 2024",10.23919/SpliTech61897.2024.10612341,Conference paper,2-s2.0-85202433333
K2E: Building MLOps Environments for Governing Data and Models Catalogues while Tracking Versions,2022,"2022 IEEE 19th International Conference on Software Architecture Companion, ICSA-C 2022",10.1109/ICSA-C54293.2022.00047,Conference paper,2-s2.0-85132192572
MLOps with Microservices: A Case Study on the Maritime Domain,2026,Communications in Computer and Information Science,10.1007/978-3-032-07313-6_1,Conference paper,2-s2.0-105020671989
Maturity Framework for Operationalizing Machine Learning Applications in Health Care: Scoping Review,2025,Journal of Medical Internet Research,10.2196/66559,Review,2-s2.0-105016505788
Ratio1 meta-OS - decentralized MLOps and beyond,2025,"Proceedings - 2025 25th International Conference on Control Systems and Computer Science, CSCS 2025",10.1109/CSCS66924.2025.00046,Conference paper,2-s2.0-105019503857
Machine Learning Theory and Applications: Hands-on Use Cases with Python on Classical and Quantum Machines,2024,Machine Learning Theory and Applications: Hands-on Use Cases with Python on Classical and Quantum Machines,10.1002/9781394220649,Book,2-s2.0-105009762901
Real-Time ML and LLM Optimization: Orchestrating Scalable Workflows in Distributed Commerce Environments,2025,"2025 International Conference on Computing Technologies and Data Communication, ICCTDC 2025",10.1109/ICCTDC64446.2025.11158822,Conference paper,2-s2.0-105019059546
Evolvability of Machine Learning-based Systems: An Architectural Design Decision Framework,2023,"Proceedings - IEEE 20th International Conference on Software Architecture Companion, ICSA-C 2023",10.1109/ICSA-C57050.2023.00033,Conference paper,2-s2.0-85159079636
Static analysis driven enhancements for comprehension in machine learning notebooks,2024,Empirical Software Engineering,10.1007/s10664-024-10525-w,Article,2-s2.0-85201274232
Explainable MLOps: A Methodological Framework for the Development of Explainable AI in Practice,2024,CEUR Workshop Proceedings,,Conference paper,2-s2.0-85208283619
Challenges in Adoption and Scaling of AI: A Case Study at a High-Tech Firm and Research Roadmap,2026,Lecture Notes in Business Information Processing,10.1007/978-3-032-04512-6_4,Conference paper,2-s2.0-105014494144
RelOps – A Whole-of-Organisation Approach for Reliability Analytics,2023,Lecture Notes in Mechanical Engineering,10.1007/978-3-031-25448-2_5,Conference paper,2-s2.0-85151138043
A MLOps Architecture for XAI in Industrial Applications,2024,"IEEE International Conference on Emerging Technologies and Factory Automation, ETFA",10.1109/ETFA61755.2024.10711084,Conference paper,2-s2.0-85207824344
Enhanced FIWARE-Based Architecture for Cyberphysical Systems With Tiny Machine Learning and Machine Learning Operations: A Case Study on Urban Mobility Systems,2024,IT Professional,10.1109/MITP.2024.3421968,Article,2-s2.0-85209752471
How flexible ML Ops delivery shortens time to impact and enables easier integration into existing workflows,2023,84th EAGE Annual Conference and Exhibition,,Conference paper,2-s2.0-85195467607
Towards MLOps in Mobile Development with a Plug-in Architecture for Data Analytics,2022,"Proceedings - 2022 6th International Conference on Computer, Software and Modeling, ICCSM 2022",10.1109/ICCSM57214.2022.00011,Conference paper,2-s2.0-85146274711
An End-to-End Deep Learning Framework for Fault Detection in Marine Machinery,2024,Sensors,10.3390/s24165310,Article,2-s2.0-85202451429
Health data space nodes for privacy-preserving linkage of medical data to support collaborative secondary analyses,2024,Frontiers in Medicine,10.3389/fmed.2024.1301660,Article,2-s2.0-85191083597
Static validation for declarative service orchestration: Enabling reliable CI/CD and MLOps pipelines,2026,Future Generation Computer Systems,10.1016/j.future.2026.108584,Article,2-s2.0-105038636498
MLXOps4Medic: A Service Framework for Machine Learning and Explainability Operations in Medical Imaging AI Development,2025,IEEE Access,10.1109/ACCESS.2025.3606838,Article,2-s2.0-105015179466
Building With LLMs: Strategies for Real-World Business Implementation,2026,Leveraging LLMs for Business Innovation: Practical Solutions and Future Trends,10.4018/979-8-3373-3912-2.ch002,Book chapter,2-s2.0-105032899327
Privacy-preserving U-Net variants with pseudo-labeling for radiolucent lesion segmentation in dental CBCT,2025,International Journal of Advances in Intelligent Informatics,10.26555/ijain.v11i2.1529,Article,2-s2.0-105010912204
Operating AI: Bridging the Gap Between Technology and Business,2024,Operating Ai: Bridging the Gap Between Technology and Business,,Book,2-s2.0-85206024171
GBCE: Enhanced Training Loss to Estimate Accuracy of Models in Production,2025,Lecture Notes in Computer Science,10.1007/978-981-96-8180-8_3,Conference paper,2-s2.0-105009812780
"Leveraging synthetic data to tackle machine learning challenges in supply chains: challenges, methods, applications, and research opportunities",2025,International Journal of Production Research,10.1080/00207543.2024.2447927,Article,2-s2.0-85214388396
The Evolution of Technical Debt from DevOps to Generative AI: A multivocal literature review,2026,Journal of Systems and Software,10.1016/j.jss.2025.112599,Article,2-s2.0-105015139846
AI-Based Cloud Infrastructure and MLOps Frameworks for Scalable Data Engineering Across Banking and Insurance,2025,"2025 IEEE International Conference on Communication Networks and Computing, CNC 2025",10.1109/CNC68716.2025.11484532,Conference paper,2-s2.0-105038037415
Monitoring morphometric drift in lifelong learning segmentation of the spinal cord,2026,Imaging Neuroscience,10.1162/IMAG.a.1105,Article,2-s2.0-105030857501
Describing Decisive Digital Transformation Technologies and Tools,2026,Next-Generation Recommendation Systems: A Comprehensive Guide to Enabling Technologies and Tools and their Business Benefits,10.1002/9781394351572.ch1,Book chapter,2-s2.0-105038510773
Challenges and Opportunities in Integrating LLMs into Continuous Integration/Continuous Deployment (CI/CD) Pipelines,2024,"2024 5th International Seminar on Artificial Intelligence, Networking and Information Technology, AINIT 2024",10.1109/AINIT61980.2024.10581784,Conference paper,2-s2.0-85199208369
Development of a virtual metrology system for smart manufacturing: A case study of spandex fiber production,2023,Computers in Industry,10.1016/j.compind.2022.103825,Article,2-s2.0-85144070785
Scalable Inference Architectures for Operationalizing AI/ML in Enterprise Systems,2025,"2025 5th International Conference on AI-ML-Systems, AIMLSystems 2025",10.1109/AIMLSYSTEMS67835.2025.11331297,Conference paper,2-s2.0-105034899987
Continuous Software Engineering Practices in AI/ML Development Past the Narrow Lens of MLOps: Adoption Challenges,2024,E-Informatica Software Engineering Journal,10.37190/e-Inf240102,Article,2-s2.0-85190453085
CAPTURE: A Stakeholder-Centered Iterative MLOps Lifecycle,2026,Applied Sciences (Switzerland),10.3390/app16031264,Article,2-s2.0-105030029572
Bridging the Gap Between MLOps and RLOps: An Industry 4.0 Case Study on Architectural Design Decisions in Practice,2025,"Proceedings - 2025 IEEE 22nd International Conference on Software Architecture, ICSA 2025",10.1109/ICSA65012.2025.00031,Conference paper,2-s2.0-105005024181
"18th European Conference on Software Architecture, ECSA 2024",2024,Lecture Notes in Computer Science (including subseries Lecture Notes in Artificial Intelligence and Lecture Notes in Bioinformatics),,Conference review,2-s2.0-85203606706
A Modular Framework for Business-Specific Benchmarking of Large Language Models,2025,"2025 13th International Scientific Conference on Computer Science, COMSCI 2025 - Proceedings",10.1109/COMSCI67172.2025.11225204,Conference paper,2-s2.0-105026856414
Tiny Machine Learning for Enhanced Edge Intelligence,2026,Tiny Machine Learning: Design Principles and Applications,10.1002/9781394294572.ch9,Book chapter,2-s2.0-105032598605
"iStar 2022 - Proceedings of the 15th International iStar Workshop, co-located with 41th International Conference on Conceptual Modeling, ER 2022",2022,CEUR Workshop Proceedings,,Conference review,2-s2.0-85139968857
Real-World Deployment of a ML Pipeline for Pressure Wounds Prediction,2025,Studies in Health Technology and Informatics,10.3233/SHTI250280,Conference paper,2-s2.0-105005816886
"Integration of web scraping, fine-tuning, and data enrichment in a continuous monitoring context via large language model operations",2025,International Journal of Electrical and Computer Engineering,10.11591/ijece.v15i1.pp1027-1037,Article,2-s2.0-85209711191
Blockchain-Based Provenance for Artificial Intelligence Lifecycle Traceability,2026,Proceedings of the IEEE International Conference on Industrial Technology,10.1109/ICIT64854.2026.11490281,Conference paper,2-s2.0-105038461663
Integrating Artificial Intelligence and BIM in Construction: Systematic Review and Quantitative Comparative Analysis,2025,Applied Sciences (Switzerland),10.3390/app152312470,Review,2-s2.0-105024757436
MDE for Machine Learning-Enabled Software Systems: A Case Study and Comparison of MontiAnna and ML-Quadrat,2022,"Proceedings - ACM/IEEE 25th International Conference on Model Driven Engineering Languages and Systems, MODELS 2022: Companion Proceedings",10.1145/3550356.3561576,Conference paper,2-s2.0-85142937814
Cost Effective Generic Machine Learning Operation: A Case Study,2023,"2023 International Conference on Data Science and Network Security, ICDSNS 2023",10.1109/ICDSNS58469.2023.10245408,Conference paper,2-s2.0-85173608561
"Workshop summaries from the 2024 voice AI symposium, presented by the Bridge2AI-voice consortium",2024,Frontiers in Digital Health,10.3389/fdgth.2024.1484818,Short survey,2-s2.0-85208926503
Google Vertex AI AutoML application for early diabetes risk prediction; [Aplicación de Google Vertex AI AutoML para la predicción temprana de riesgo de diabetes],2025,"Applications in Software Engineering - Proceedings of the 14th International Conference on Software Process Improvement, CIMPS 2025",10.1109/CIMPS69356.2025.11419690,Conference paper,2-s2.0-105036007830
Feature Drift-Guided Adaptive ML Retraining: An MLOps Approach for Big Data Analytics,2025,"Proceedings of the IEEE International Conference on Big Data, BigData",10.1109/BigData66926.2025.11401445,Conference paper,2-s2.0-105037880796
An operational guide to translational clinical machine learning in academic medical centers,2024,npj Digital Medicine,10.1038/s41746-024-01094-9,Article,2-s2.0-85193702911
"Unified AI and ML Framework in DevSecOps Practices, Solving Real-World Problems",2025,Conference Proceedings - IEEE SOUTHEASTCON,10.1109/SoutheastCon56624.2025.10971458,Conference paper,2-s2.0-105004580202
Serverless Orchestration of Quantum Machine Learning Workflows in the Cloud,2026,Lecture Notes in Networks and Systems,10.1007/978-3-032-14186-6_25,Conference paper,2-s2.0-105035611626
Demonstration of Geyser: Provenance Extraction and Applications over Data Science Scripts,2023,Proceedings of the ACM SIGMOD International Conference on Management of Data,10.1145/3555041.3589717,Conference paper,2-s2.0-85162887210
Monitoring Machine Learning Systems from the Point of View of AI Ethics,2024,CEUR Workshop Proceedings,,Conference paper,2-s2.0-85216802470
"Platform-Agnostic MLOps on Edge, Fog and Cloud Platforms in Industrial IoT",2024,"International Conference on Web Information Systems and Technologies, WEBIST - Proceedings",10.5220/0012977500003825,Conference paper,2-s2.0-85217174940
Hybrid prediction model by integrating machine learning techniques with MLOps,2025,International Journal of Systematic Innovation,10.6977/IJoSI.202504_9(2).0005,Article,2-s2.0-105004677371
Automated e-Waste classification: Real-time object detection using YOLO model,2025,"2025 International Conference on Metaverse and Current Trends in Computing, ICMCTC 2025",10.1109/ICMCTC62214.2025.11196562,Conference paper,2-s2.0-105022290665
Enhancing Collaboration and Agility in Data-Centric AI Projects,2024,Communications in Computer and Information Science,10.1007/978-3-031-64182-4_15,Conference paper,2-s2.0-85200748072
Engineering AIOps Controllers for High-Performance Software Operations: an Action Design Research Study,2026,IEEE Transactions on Cloud Computing,10.1109/TCC.2026.3681823,Article,2-s2.0-105035646837
Paired-Sample and Pathway-Anchored MLOps Framework for Robust Transcriptomic Machine Learning in Small Cohorts: Model Classification Study,2025,JMIR Bioinformatics and Biotechnology,10.2196/80735,Article,2-s2.0-105018948591
MLPilot: An Intelligent CI/CD Flight Controller for Auto-Tuning Resource Allocation in MLOps Kubernetes Pipelines,2025,"Proceedings - 2025 IEEE International Conference on Advances in Data-Driven Analytics and Intelligent Systems, ADACIS 2025",10.1109/ADACIS65663.2025.11437289,Conference paper,2-s2.0-105036004650
Stream-based Active Learning for Speech Emotion Recognition via Hybrid Data Selection and Continuous Learning,2024,Lecture Notes in Computer Science,10.1007/978-3-031-70566-3_10,Conference paper,2-s2.0-85204365691
Unlocking Edge Intelligence Through Tiny Machine Learning (TinyML),2022,IEEE Access,10.1109/ACCESS.2022.3207200,Article,2-s2.0-85139407138
"7th International Conference on Applied Informatics, ICAI 2024",2025,Communications in Computer and Information Science,,Conference review,2-s2.0-85207848221
"Federated Deep Learning in Intelligent Urban Ecosystems: A Systematic Review of Advancements and Applications in Smart Cities, Homes, Buildings, and Healthcare Systems",2026,CMES - Computer Modeling in Engineering and Sciences,10.32604/cmes.2026.078672,Review,2-s2.0-105034629296
Hybrid approach for Chest X-ray diagnosis with automated MLOps pipeline,2025,"2025 International Conference on Multimedia Analysis and Pattern Recognition, MAPR 2025 - Proceedings",10.1109/MAPR67746.2025.11133928,Conference paper,2-s2.0-105016144835
A Cloud-Native Internal Developer Platform for Autonomous Robot Fleets,2025,"International Conference on Computer and Applications, ICCA 2025 - Proceedings",10.1109/ICCA66035.2025.11430861,Conference paper,2-s2.0-105036975301
"51st Euromicro Conference on Software Engineering and Advanced Applications, SEAA 2025",2026,Lecture Notes in Computer Science,,Conference review,2-s2.0-105016707202
Design principles for Machine Learning Operations in the Exploration and Production Industry,2024,4th EAGE Digitalization Conference and Exhibition,10.3997/2214-4609.202439058,Conference paper,2-s2.0-85199458328
Fedkit: Enabling Cross-Platform Federated Learning for Android and iOS,2024,"IEEE INFOCOM 2024 - IEEE Conference on Computer Communications Workshops, INFOCOM WKSHPS 2024",10.1109/INFOCOMWKSHPS61880.2024.10620662,Conference paper,2-s2.0-85202339897
RelAI: an automated approach to judge pointwise ML prediction reliability,2025,International Journal of Medical Informatics,10.1016/j.ijmedinf.2025.105857,Article,2-s2.0-85218873471
Machine Learning in CNC Machining: Best Practices,2022,Machines,10.3390/machines10121233,Article,2-s2.0-85144704030
Towards Trustworthy AI Engineering - A Case Study on integrating an AI audit catalog into MLOps processes,2024,"Proceedings - 2024 IEEE/ACM International Workshop on Responsible AI Engineering, RAIE 2024",10.1145/3643691.3648584,Conference paper,2-s2.0-85201186545
StreamMLOps: Operationalizing Online Learning for Big Data Streaming & Real-Time Applications,2023,Proceedings - International Conference on Data Engineering,10.1109/ICDE55515.2023.00272,Conference paper,2-s2.0-85167727832
Mobile advertisement campaigns for boosting in-store visits: A design framework and case study,2023,Production and Operations Management,10.1111/poms.13984,Article,2-s2.0-85153341129
Scalable Multi-Model Orchestration in AI Microservices with Kubernetes and Serverless for Event-Driven MLOps Pipelines,2025,"Proceedings of the International Conference on Intelligent Computing and Control Systems, ICICCS 2025",10.1109/ICICCS65191.2025.10985404,Conference paper,2-s2.0-105007551536
End-to-end MLOps framework for EEG-based epilepsy prediction: Automating deep learning pipelines for scalable healthcare solutions,2026,Array,10.1016/j.array.2025.100649,Article,2-s2.0-105024868992
"MLOps in Practice: Applications, Challenges, and Insights Across Domains",2025,"2025 5th International Conference on Artificial Intelligence and Signal Processing, AISP 2025",10.1109/AISP68263.2025.11396140,Conference paper,2-s2.0-105035741247
MLOps-Enabled Security Strategies for Next-Generation Operational Technologies,2024,ACM International Conference Proceeding Series,10.1145/3661167.3661283,Conference paper,2-s2.0-85197454675
ML-Enabled Systems Model Deployment and Monitoring: Status Quo and Problems,2024,Lecture Notes in Business Information Processing,10.1007/978-3-031-56281-5_7,Conference paper,2-s2.0-85192177513
"19th Symposium and Summer School on Service-Oriented Computing, SummerSOC 2025",2026,Communications in Computer and Information Science,,Conference review,2-s2.0-105020703095
Sensitivity-based measures of discrimination in insurance pricing,2026,European Journal of Operational Research,10.1016/j.ejor.2026.01.021,Article,2-s2.0-105028451341
Scalable earthquake magnitude prediction using spatio-temporal data and model versioning,2025,Scientific Reports,10.1038/s41598-025-00804-x,Article,2-s2.0-105006975554
Enabling AI-Driven Customer Experiences in Fashion E-Commerce through an End-to-End ML Software Development Framework,2025,ICSIE 2024 - 2024 13th International Conference on Software and Information Engineering,10.1145/3708635.3708636,Conference paper,2-s2.0-105008309715
A Cross-Disciplinary Knowledge Management Framework for Artificial Intelligence in Business Projects,2023,"Proceedings of the European Conference on Knowledge Management, ECKM",,Conference paper,2-s2.0-85177667331
Optimizing Battery Performance in Electric Vehicles Through Predictive Modeling,2025,"2025 International Conference on Intelligent Control, Computing and Communications, IC3 2025",10.1109/IC363308.2025.10956810,Conference paper,2-s2.0-105003908573
Data drift-resilient inference: Maintaining model integrity via novel lightweight distribution correction,2026,Future Generation Computer Systems,10.1016/j.future.2026.108598,Article,2-s2.0-105039308955
Introducing MLOps to Facilitate the Development of Machine Learning Models in Agronomy: A Case Study,2025,IEEE Access,10.1109/ACCESS.2025.3586691,Article,2-s2.0-105010193227
